sample_id	material	ID	SM	COH_ID	PU	PL	LB	target_name	project_name	BAM_ID	fq_name
F26_nofeeder	NK	B002	COH000310_F26_ nofeeder	COH000310	F26_nofeeder	illumina	TRANSCRIPTOMIC	TRANSCRIPTOMIC	PRDM1_RNAseq	F26_nofeeder	F26.RNA.R1.fastq.gz
F28_nofeeder	NK	B002	COH000311_F28_nofeeder	COH000311	F28_nofeeder	illumina	TRANSCRIPTOMIC	TRANSCRIPTOMIC	PRDM1_RNAseq	F28_nofeeder	F28.RNA.R1.fastq.gz
D1_NKIL2_16h	NK	B003	SAMN11492697	COH000312	GSM3735260	illumina	TRANSCRIPTOMIC	TRANSCRIPTOMIC	PRDM1_RNAseq	D1_NKIL2_16h	SRR8952558.sra.fastq.gz
D2_NKIL2_16h	NK	B003	SAMN11492696	COH000313	GSM3735262	illumina	TRANSCRIPTOMIC	TRANSCRIPTOMIC	PRDM1_RNAseq	D2_NKIL2_16h	SRR8952560.sra.fastq.gz
D3_NKIL2_16h	NK	B003	SAMN11492694	COH000314	GSM3735264	illumina	TRANSCRIPTOMIC	TRANSCRIPTOMIC	PRDM1_RNAseq	D3_NKIL2_16h	SRR8952562.sra.fastq.gz
D5_CD56bright	NK	B004	SAMN10459855	COH000315	GSM3484009	illumina	TRANSCRIPTOMIC	TRANSCRIPTOMIC	PRDM1_RNAseq	D5_CD56bright_1	SRR8235002.sra.fastq.gz
D5_CD56bright	NK	B004	SAMN10459855	COH000315	GSM3484009	illumina	TRANSCRIPTOMIC	TRANSCRIPTOMIC	PRDM1_RNAseq	D5_CD56bright_2	SRR8235003.sra.fastq.gz
D5_CD56bright	NK	B004	SAMN10459855	COH000315	GSM3484009	illumina	TRANSCRIPTOMIC	TRANSCRIPTOMIC	PRDM1_RNAseq	D5_CD56bright_3	SRR8235004.sra.fastq.gz
D6_CD56bright	NK	B004	SAMN10459854	COH000316	GSM3484010	illumina	TRANSCRIPTOMIC	TRANSCRIPTOMIC	PRDM1_RNAseq	D6_CD56bright_1	SRR8235005.sra.fastq.gz
D6_CD56bright	NK	B004	SAMN10459854	COH000316	GSM3484010	illumina	TRANSCRIPTOMIC	TRANSCRIPTOMIC	PRDM1_RNAseq	D6_CD56bright_2	SRR8235006.sra.fastq.gz
D6_CD56bright	NK	B004	SAMN10459854	COH000316	GSM3484010	illumina	TRANSCRIPTOMIC	TRANSCRIPTOMIC	PRDM1_RNAseq	D6_CD56bright_3	SRR8235007.sra.fastq.gz
D7_CD56bright	NK	B004	SAMN10459853	COH000317	GSM3484011	illumina	TRANSCRIPTOMIC	TRANSCRIPTOMIC	PRDM1_RNAseq	D7_CD56bright_1	SRR8235008.sra.fastq.gz
D7_CD56bright	NK	B004	SAMN10459853	COH000317	GSM3484011	illumina	TRANSCRIPTOMIC	TRANSCRIPTOMIC	PRDM1_RNAseq	D7_CD56bright_2	SRR8235009.sra.fastq.gz
D7_CD56bright	NK	B004	SAMN10459853	COH000317	GSM3484011	illumina	TRANSCRIPTOMIC	TRANSCRIPTOMIC	PRDM1_RNAseq	D7_CD56bright_3	SRR8235010.sra.fastq.gz
D8_CD56bright	NK	B004	SAMN10459852	COH000318	GSM3484012	illumina	TRANSCRIPTOMIC	TRANSCRIPTOMIC	PRDM1_RNAseq	D8_CD56bright	SRR8235011.sra.fastq.gz
D5_CD56dimCD57minus	NK	B004	SAMN10459851	COH000319	GSM3484013	illumina	TRANSCRIPTOMIC	TRANSCRIPTOMIC	PRDM1_RNAseq	D5_CD56dimCD57minus_1	SRR8235012.sra.fastq.gz
D5_CD56dimCD57minus	NK	B004	SAMN10459851	COH000319	GSM3484013	illumina	TRANSCRIPTOMIC	TRANSCRIPTOMIC	PRDM1_RNAseq	D5_CD56dimCD57minus_2	SRR8235013.sra.fastq.gz
D5_CD56dimCD57minus	NK	B004	SAMN10459851	COH000319	GSM3484013	illumina	TRANSCRIPTOMIC	TRANSCRIPTOMIC	PRDM1_RNAseq	D5_CD56dimCD57minus_3	SRR8235014.sra.fastq.gz
D7_CD56dimCD57minus	NK	B004	SAMN10459850	COH000320	GSM3484014	illumina	TRANSCRIPTOMIC	TRANSCRIPTOMIC	PRDM1_RNAseq	D7_CD56dimCD57minus_1	SRR8235015.sra.fastq.gz
D7_CD56dimCD57minus	NK	B004	SAMN10459850	COH000320	GSM3484014	illumina	TRANSCRIPTOMIC	TRANSCRIPTOMIC	PRDM1_RNAseq	D7_CD56dimCD57minus_2	SRR8235016.sra.fastq.gz
D7_CD56dimCD57minus	NK	B004	SAMN10459850	COH000320	GSM3484014	illumina	TRANSCRIPTOMIC	TRANSCRIPTOMIC	PRDM1_RNAseq	D7_CD56dimCD57minus_3	SRR8235017.sra.fastq.gz
D8_CD56dimCD57minus	NK	B004	SAMN10459849	COH000321	GSM3484015	illumina	TRANSCRIPTOMIC	TRANSCRIPTOMIC	PRDM1_RNAseq	D8_CD56dimCD57minus	SRR8235018.sra.fastq.gz
D5_CD56dimCD57plus	NK	B004	SAMN10459848	COH000322	GSM3484016	illumina	TRANSCRIPTOMIC	TRANSCRIPTOMIC	PRDM1_RNAseq	D5_CD56dimCD57plus_1	SRR8235019.sra.fastq.gz
D5_CD56dimCD57plus	NK	B004	SAMN10459848	COH000322	GSM3484016	illumina	TRANSCRIPTOMIC	TRANSCRIPTOMIC	PRDM1_RNAseq	D5_CD56dimCD57plus_2	SRR8235020.sra.fastq.gz
D5_CD56dimCD57plus	NK	B004	SAMN10459848	COH000322	GSM3484016	illumina	TRANSCRIPTOMIC	TRANSCRIPTOMIC	PRDM1_RNAseq	D5_CD56dimCD57plus_3	SRR8235021.sra.fastq.gz
D6_CD56dimCD57plus	NK	B004	SAMN10459847	COH000323	GSM3484017	illumina	TRANSCRIPTOMIC	TRANSCRIPTOMIC	PRDM1_RNAseq	D6_CD56dimCD57plus_1	SRR8235022.sra.fastq.gz
D6_CD56dimCD57plus	NK	B004	SAMN10459847	COH000323	GSM3484017	illumina	TRANSCRIPTOMIC	TRANSCRIPTOMIC	PRDM1_RNAseq	D6_CD56dimCD57plus_2	SRR8235023.sra.fastq.gz
D6_CD56dimCD57plus	NK	B004	SAMN10459847	COH000323	GSM3484017	illumina	TRANSCRIPTOMIC	TRANSCRIPTOMIC	PRDM1_RNAseq	D6_CD56dimCD57plus_3	SRR8235024.sra.fastq.gz
D8_CD56dimCD57plus	NK	B004	SAMN10459846	COH000324	GSM3484018	illumina	TRANSCRIPTOMIC	TRANSCRIPTOMIC	PRDM1_RNAseq	D8_CD56dimCD57plus	SRR8235025.sra.fastq.gz
F31_D2nofeeder	NK	B005	COH000325_F31_D2nofeeder	COH000325	52474_L67547_GCAAGATC	illumina	TRANSCRIPTOMIC	TRANSCRIPTOMIC	PRDM1_RNAseq	F31_D2nofeeder	COHP_52474_1_UN_Whole_C1_KBMRS_L67547_HV7T3DSX5_GCAAGATC_L002_R1_001.fastq.gz
F31_D2nofeeder	NK	B005	COH000325_F31_D2nofeeder	COH000325	52474_L67547_GCAAGATC	illumina	TRANSCRIPTOMIC	TRANSCRIPTOMIC	PRDM1_RNAseq	F31_D2nofeeder	COHP_52474_1_UN_Whole_C1_KBMRS_L67547_HV7T3DSX5_GCAAGATC_L002_R2_001.fastq.gz
M29_D2nofeeder	NK	B005	COH000326_M29_D2nofeeder	COH000326	52475_L67548_GCTATCCT	illumina	TRANSCRIPTOMIC	TRANSCRIPTOMIC	PRDM1_RNAseq	M29_D2nofeeder	COHP_52475_1_UN_Whole_C1_KBMRS_L67548_HV7T3DSX5_GCTATCCT_L002_R1_001.fastq.gz
M29_D2nofeeder	NK	B005	COH000326_M29_D2nofeeder	COH000326	52475_L67548_GCTATCCT	illumina	TRANSCRIPTOMIC	TRANSCRIPTOMIC	PRDM1_RNAseq	M29_D2nofeeder	COHP_52475_1_UN_Whole_C1_KBMRS_L67548_HV7T3DSX5_GCTATCCT_L002_R2_001.fastq.gz
F31_D6nofeeder	NK	B005	COH000327_F31_D6nofeeder	COH000327	52476_L67549_TACGCTAC	illumina	TRANSCRIPTOMIC	TRANSCRIPTOMIC	PRDM1_RNAseq	F31_D6nofeeder	COHP_52476_1_UN_Whole_C1_KBMRS_L67549_HV7T3DSX5_TACGCTAC_L002_R1_001.fastq.gz
F31_D6nofeeder	NK	B005	COH000327_F31_D6nofeeder	COH000327	52476_L67549_TACGCTAC	illumina	TRANSCRIPTOMIC	TRANSCRIPTOMIC	PRDM1_RNAseq	F31_D6nofeeder	COHP_52476_1_UN_Whole_C1_KBMRS_L67549_HV7T3DSX5_TACGCTAC_L002_R2_001.fastq.gz
M29_D6nofeeder	NK	B005	COH000328_M29_D6nofeeder	COH000328	52477_L67550_TGGACTCT	illumina	TRANSCRIPTOMIC	TRANSCRIPTOMIC	PRDM1_RNAseq	M29_D6nofeeder	COHP_52477_1_UN_Whole_C1_KBMRS_L67550_HV7T3DSX5_TGGACTCT_L002_R1_001.fastq.gz
M29_D6nofeeder	NK	B005	COH000328_M29_D6nofeeder	COH000328	52477_L67550_TGGACTCT	illumina	TRANSCRIPTOMIC	TRANSCRIPTOMIC	PRDM1_RNAseq	M29_D6nofeeder	COHP_52477_1_UN_Whole_C1_KBMRS_L67550_HV7T3DSX5_TGGACTCT_L002_R2_001.fastq.gz
F31_D13feeder	NK	B005	COH000329_F31_D13feeder	COH000329	52478_L67551__AGAGTAGC	illumina	TRANSCRIPTOMIC	TRANSCRIPTOMIC	PRDM1_RNAseq	F31_D13feeder	COHP_52478_1_UN_Whole_C1_KBMRS_L67551_HV7T3DSX5_AGAGTAGC_L002_R1_001.fastq.gz
F31_D13feeder	NK	B005	COH000329_F31_D13feeder	COH000329	52478_L67551__AGAGTAGC	illumina	TRANSCRIPTOMIC	TRANSCRIPTOMIC	PRDM1_RNAseq	F31_D13feeder	COHP_52478_1_UN_Whole_C1_KBMRS_L67551_HV7T3DSX5_AGAGTAGC_L002_R2_001.fastq.gz
M29_D13nofeeder	NK	B005	COH000330_M29_D13nofeeder	COH000330	52479_L67552_ATCCAGAG	illumina	TRANSCRIPTOMIC	TRANSCRIPTOMIC	PRDM1_RNAseq	M29_D13nofeeder	COHP_52479_1_UN_Whole_C1_KBMRS_L67552_HV7T3DSX5_ATCCAGAG_L002_R1_001.fastq.gz
M29_D13nofeeder	NK	B005	COH000330_M29_D13nofeeder	COH000330	52479_L67552_ATCCAGAG	illumina	TRANSCRIPTOMIC	TRANSCRIPTOMIC	PRDM1_RNAseq	M29_D13nofeeder	COHP_52479_1_UN_Whole_C1_KBMRS_L67552_HV7T3DSX5_ATCCAGAG_L002_R2_001.fastq.gz
F31_D28feeder	NK	B005	COH000331_F31_D28feeder	COH000331	52480_L67553_CGCATGAT	illumina	TRANSCRIPTOMIC	TRANSCRIPTOMIC	PRDM1_RNAseq	F31_D28feeder	COHP_52480_1_UN_Whole_C1_KBMRS_L67553_HV7T3DSX5_CGCATGAT_L002_R1_001.fastq.gz
F31_D28feeder	NK	B005	COH000331_F31_D28feeder	COH000331	52480_L67553_CGCATGAT	illumina	TRANSCRIPTOMIC	TRANSCRIPTOMIC	PRDM1_RNAseq	F31_D28feeder	COHP_52480_1_UN_Whole_C1_KBMRS_L67553_HV7T3DSX5_CGCATGAT_L002_R2_001.fastq.gz
M29_D28nofeeder	NK	B005	COH000332_M29_D28nofeeder	COH000332	52481_L67554_ACGGAACA	illumina	TRANSCRIPTOMIC	TRANSCRIPTOMIC	PRDM1_RNAseq	M29_D28nofeeder	COHP_52481_1_UN_Whole_C1_KBMRS_L67554_HV7T3DSX5_ACGGAACA_L002_R1_001.fastq.gz
M29_D28nofeeder	NK	B005	COH000332_M29_D28nofeeder	COH000332	52481_L67554_ACGGAACA	illumina	TRANSCRIPTOMIC	TRANSCRIPTOMIC	PRDM1_RNAseq	M29_D28nofeeder	COHP_52481_1_UN_Whole_C1_KBMRS_L67554_HV7T3DSX5_ACGGAACA_L002_R2_001.fastq.gz
PRDM1_KO_C5	NK	B002	COH000333_PRDM1_KO_C5	COH000333	PRDM1_KO_C5	illumina	TRANSCRIPTOMIC	TRANSCRIPTOMIC	PRDM1_RNAseq	PRDM1_KO_C5	C5.Day4.R1.fastq.gz
PRDM1_WT_F27	NK	B002	COH000334_PRDM1_WT_F27	COH000334	PRDM1_WT_F27	illumina	TRANSCRIPTOMIC	TRANSCRIPTOMIC	PRDM1_RNAseq	PRDM1_WT_F27	F27.Day4.R1.fastq.gz
KHYG1_WT_6h1	NK	B002	COH000335_KHYG1_WT_6h1	COH000335	KHYG1_WT_6h1	illumina	TRANSCRIPTOMIC	TRANSCRIPTOMIC	PRDM1_RNAseq	KHYG1_WT_6h1	39907_ASV-1_S47_L999_R1_001.fastq.gz
KHYG1_WT_6h2	NK	B002	COH000336_KHYG1_WT_6h2	COH000336	KHYG1_WT_6h2	illumina	TRANSCRIPTOMIC	TRANSCRIPTOMIC	PRDM1_RNAseq	KHYG1_WT_6h2	39908_AVS-2_S45_L999_R1_001.fastq.gz
KHYG1_PRDM1OE_6h1	NK	B002	COH000337_PRDM1_OE_6h1	COH000337	KHYG1_PRDM1OE_6h1	illumina	TRANSCRIPTOMIC	TRANSCRIPTOMIC	PRDM1_RNAseq	KHYG1_PRDM1OE_6h1	39909_NoAVS6h-1_S46_L999_R1_001.fastq.gz
KHYG1_PRDM1OE_6h2	NK	B002	COH000338_PRDM1_OE_6h2	COH000338	KHYG1_PRDM1OE_6h2	illumina	TRANSCRIPTOMIC	TRANSCRIPTOMIC	PRDM1_RNAseq	KHYG1_PRDM1OE_6h2	39910_NoAVS6h-2_S44_L999_R1_001.fastq.gz
PRDM1_WT_26F	NK	B002	COH000339_PRDM1_WT_26F	COH000339	PRDM1_WT_26F	illumina	TRANSCRIPTOMIC	TRANSCRIPTOMIC	PRDM1_RNAseq	PRDM1_WT_26F	30495_26F_NC_S66_L999_R1_001.fastq.gz
PRDM1_KO_26F	NK	B002	COH000340_PRDM1_KO_26F	COH000340	PRDM1_KO_26F	illumina	TRANSCRIPTOMIC	TRANSCRIPTOMIC	PRDM1_RNAseq	PRDM1_KO_26F	30496_26F_GFP_S65_L999_R1_001.fastq.gz
PRDM1_WT_33F	NK	B002	COH000341_PRDM1_WT_33F	COH000341	PRDM1_WT_33F	illumina	TRANSCRIPTOMIC	TRANSCRIPTOMIC	PRDM1_RNAseq	PRDM1_WT_33F	30522_33F_NC_S67_L999_R1_001.fastq.gz
PRDM1_KO_GH	NK	B002	COH000342_PRDM1_KO_GH	COH000342	PRDM1_KO_GH	illumina	TRANSCRIPTOMIC	TRANSCRIPTOMIC	PRDM1_RNAseq	PRDM1_KO_GH	30523_33F_GH_S69_L999_R1_001.fastq.gz
PRDM1_KO_GL	NK	B002	COH000343_PRDM1_KO_GL	COH000343	PRDM1_KO_GL	illumina	TRANSCRIPTOMIC	TRANSCRIPTOMIC	PRDM1_RNAseq	PRDM1_KO_GL	30524_33F_GL_S68_L999_R1_001.fastq.gz
KHYG1_WT_12h1	KHYG	B006	COH000346_KHYG1_WT_12h1	COH000346	KHYG1_WT_12h1	illumina	TRANSCRIPTOMIC	TRANSCRIPTOMIC	PRDM1_RNAseq	KHYG1_WT_12h1	COHP_52876_1_UN_Whole_C1_UUUUU_L71176_HCF3WDSX7_CATACCAC_L001_R1_001.fastq.gz
KHYG1_WT_12h1	KHYG	B006	COH000346_KHYG1_WT_12h1	COH000346	KHYG1_WT_12h1	illumina	TRANSCRIPTOMIC	TRANSCRIPTOMIC	PRDM1_RNAseq	KHYG1_WT_12h1	COHP_52876_1_UN_Whole_C1_UUUUU_L71176_HCF3WDSX7_CATACCAC_L001_R2_001.fastq.gz
KHYG1_WT_12h2	KHYG	B006	COH000347_KHYG1_WT_12h2	COH000347	KHYG1_WT_12h2	illumina	TRANSCRIPTOMIC	TRANSCRIPTOMIC	PRDM1_RNAseq	KHYG1_WT_12h2	COHP_52877_1_UN_Whole_C1_UUUUU_L71177_HCF3WDSX7_GAAGTTGG_L001_R1_001.fastq.gz
KHYG1_WT_12h2	KHYG	B006	COH000347_KHYG1_WT_12h2	COH000347	KHYG1_WT_12h2	illumina	TRANSCRIPTOMIC	TRANSCRIPTOMIC	PRDM1_RNAseq	KHYG1_WT_12h2	COHP_52877_1_UN_Whole_C1_UUUUU_L71177_HCF3WDSX7_GAAGTTGG_L001_R2_001.fastq.gz
KHYG1_PRDM1OE_12h1	KHYG	B006	COH000348_KHYG1_PRDM1OE_12h1	COH000348	KHYG1_PRDM1OE_12h1	illumina	TRANSCRIPTOMIC	TRANSCRIPTOMIC	PRDM1_RNAseq	KHYG1_PRDM1OE_12h1	COHP_52878_1_UN_Whole_C1_UUUUU_L71178_HCF3WDSX7_AGAGTAGC_L001_R1_001.fastq.gz
KHYG1_PRDM1OE_12h1	KHYG	B006	COH000348_KHYG1_PRDM1OE_12h1	COH000348	KHYG1_PRDM1OE_12h1	illumina	TRANSCRIPTOMIC	TRANSCRIPTOMIC	PRDM1_RNAseq	KHYG1_PRDM1OE_12h1	COHP_52878_1_UN_Whole_C1_UUUUU_L71178_HCF3WDSX7_AGAGTAGC_L001_R2_001.fastq.gz
KHYG1_PRDM1OE_12h2	KHYG	B006	COH000349_KHYG1_PRDM1OE_12h2	COH000349	KHYG1_PRDM1OE_12h2	illumina	TRANSCRIPTOMIC	TRANSCRIPTOMIC	PRDM1_RNAseq	KHYG1_PRDM1OE_12h2	COHP_52879_1_UN_Whole_C1_UUUUU_L71179_HCF3WDSX7_ATCCAGAG_L001_R1_001.fastq.gz
KHYG1_PRDM1OE_12h2	KHYG	B006	COH000349_KHYG1_PRDM1OE_12h2	COH000349	KHYG1_PRDM1OE_12h2	illumina	TRANSCRIPTOMIC	TRANSCRIPTOMIC	PRDM1_RNAseq	KHYG1_PRDM1OE_12h2	COHP_52879_1_UN_Whole_C1_UUUUU_L71179_HCF3WDSX7_ATCCAGAG_L001_R2_001.fastq.gz
RohA_G17V	Tcell	B006	COH000344_RohA_G17V	COH000344	52741_L68869_TGGTACAG	illumina	TRANSCRIPTOMIC	TRANSCRIPTOMIC	RhoA_RNAseq	RohA_G17V	COHP_52741_1_UN_Whole_C1_KHRRE_L68869_H7GGCDSX7_TGGTACAG_L004_R1_001.fastq.gz
RohA_G17V	Tcell	B006	COH000344_RohA_G17V	COH000344	52741_L68869_TGGTACAG	illumina	TRANSCRIPTOMIC	TRANSCRIPTOMIC	RhoA_RNAseq	RohA_G17V	COHP_52741_1_UN_Whole_C1_KHRRE_L68869_H7GGCDSX7_TGGTACAG_L004_R2_001.fastq.gz
RohA_WT	Tcell	B006	COH000345_RohA_WT	COH000345	52740_L68868_AACCGTTC	illumina	TRANSCRIPTOMIC	TRANSCRIPTOMIC	RhoA_RNAseq	RohA_WT	COHP_52740_1_UN_Whole_C1_KHRRE_L68868_H7GGCDSX7_AACCGTTC_L004_R1_001.fastq.gz
RohA_WT	Tcell	B006	COH000345_RohA_WT	COH000345	52740_L68868_AACCGTTC	illumina	TRANSCRIPTOMIC	TRANSCRIPTOMIC	RhoA_RNAseq	RohA_WT	COHP_52740_1_UN_Whole_C1_KHRRE_L68868_H7GGCDSX7_AACCGTTC_L004_R2_001.fastq.gz
RohA_G17V_2	Tcell	B006	COH000350_RohA_G17V_2	COH000350	53312_L79256_ATGCACGA	illumina	TRANSCRIPTOMIC	TRANSCRIPTOMIC	RhoA_RNAseq	RohA_G17V_2	COHP_53312_1_UN_Whole_C1_KHRRE_L79256_HK32LDSX7_ATGCACGA_L002_R1_001.fastq.gz
RohA_G17V_2	Tcell	B006	COH000350_RohA_G17V_2	COH000350	53312_L79256_ATGCACGA	illumina	TRANSCRIPTOMIC	TRANSCRIPTOMIC	RhoA_RNAseq	RohA_G17V_2	COHP_53312_1_UN_Whole_C1_KHRRE_L79256_HK32LDSX7_ATGCACGA_L002_R2_001.fastq.gz
RohA_WT_2	Tcell	B006	COH000351_RohA_WT_2	COH000351	53311_L79255_GAAGTTGG	illumina	TRANSCRIPTOMIC	TRANSCRIPTOMIC	RhoA_RNAseq	RohA_WT_2	COHP_53311_1_UN_Whole_C1_KHRRE_L79255_HK32LDSX7_GAAGTTGG_L002_R1_001.fastq.gz
RohA_WT_2	Tcell	B006	COH000351_RohA_WT_2	COH000351	53311_L79255_GAAGTTGG	illumina	TRANSCRIPTOMIC	TRANSCRIPTOMIC	RhoA_RNAseq	RohA_WT_2	COHP_53311_1_UN_Whole_C1_KHRRE_L79255_HK32LDSX7_GAAGTTGG_L002_R2_001.fastq.gz
